loss,eRMSE,fRMSE
0.09559073317961347,0.0021688363376713977,0.09269155708709612
