loss,eRMSE,fRMSE
0.13776179281300963,0.0037812725698140965,0.1146441762103094
